1.87638141416266e-36, 0.000298, 0.001184, 0.002646, 0.004672, 0.00725, 0.010368, 0.014014, 0.018176, 0.022842, 0.028, 0.033638, 0.039744, 0.046306, 0.053312, 0.06075, 0.068608, 0.076874, 0.085536, 0.094582, 0.104, 0.113778, 0.123904, 0.134366, 0.145152, 0.15625, 0.167648, 0.179334, 0.191296, 0.203522, 0.216, 0.228718, 0.241664, 0.254826, 0.268192, 0.28175, 0.295488, 0.309394, 0.323456, 0.337662, 0.352, 0.366458, 0.381024, 0.395686, 0.410432, 0.42525, 0.440128, 0.455054, 0.470016, 0.485002, 0.5, 0.514704, 0.528832, 0.542408, 0.555456, 0.568, 0.580064, 0.591672, 0.602848, 0.613616, 0.624, 0.634024, 0.643712, 0.653088, 0.662176, 0.671, 0.679584, 0.687952, 0.696128, 0.704136, 0.712, 0.719744, 0.727392, 0.734968, 0.742496, 0.75, 0.757504, 0.765032, 0.772608, 0.780256, 0.788, 0.795864, 0.803872, 0.812048, 0.820416, 0.829, 0.837824, 0.846912, 0.856288, 0.865976, 0.876, 0.886384, 0.897152, 0.908328, 0.919936, 0.932, 0.944544, 0.957592, 0.971168, 0.985296, 1, 1.014704, 1.028832, 1.042408, 1.055456, 1.068, 1.080064, 1.091672, 1.102848, 1.113616, 1.124, 1.134024, 1.143712, 1.153088, 1.162176, 1.171, 1.179584, 1.187952, 1.196128, 1.204136, 1.212, 1.219744, 1.227392, 1.234968, 1.242496, 1.25, 1.257504, 1.265032, 1.272608, 1.280256, 1.288, 1.295864, 1.303872, 1.312048, 1.320416, 1.329, 1.337824, 1.346912, 1.356288, 1.365976, 1.376, 1.386384, 1.397152, 1.408328, 1.419936, 1.432, 1.444544, 1.457592, 1.471168, 1.485296, 1.5, 1.514998, 1.529984, 1.544946, 1.559872, 1.57475, 1.589568, 1.604314, 1.618976, 1.633542, 1.648, 1.662338, 1.676544, 1.690606, 1.704512, 1.71825, 1.731808, 1.745174, 1.758336, 1.771282, 1.784, 1.796478, 1.808704, 1.820666, 1.832352, 1.84375, 1.854848, 1.865634, 1.876096, 1.886222, 1.896, 1.905418, 1.914464, 1.923126, 1.931392, 1.93925, 1.946688, 1.953694, 1.960256, 1.966362, 1.972, 1.977158, 1.981824, 1.985986, 1.989632, 1.99275, 1.995328, 1.997354, 1.998816, 1.999702, 2
7.44103838617167e-36, 0.000592, 0.002336, 0.005184, 0.009088, 0.014, 0.019872, 0.026656, 0.034304, 0.042768, 0.052, 0.061952, 0.072576, 0.083824, 0.095648, 0.108, 0.120832, 0.134096, 0.147744, 0.161728, 0.176, 0.190512, 0.205216, 0.220064, 0.235008, 0.25, 0.264992, 0.279936, 0.294784, 0.309488, 0.324, 0.338272, 0.352256, 0.365904, 0.379168, 0.392, 0.404352, 0.416176, 0.427424, 0.438048, 0.448, 0.457232, 0.465696, 0.473344, 0.480128, 0.486, 0.490912, 0.494816, 0.497664, 0.499408, 0.5, 0.498816, 0.495328, 0.489632, 0.481824, 0.472, 0.460256, 0.446688, 0.431392, 0.414464, 0.396, 0.376096, 0.354848, 0.332352, 0.308704, 0.284, 0.258336, 0.231808, 0.204512, 0.176544, 0.148, 0.118976, 0.0895679999999999, 0.0598719999999998, 0.0299839999999998, -5.33332897843014e-37, -0.0299840000000002, -0.0598720000000001, -0.0895680000000003, -0.118976, -0.148, -0.176544, -0.204512, -0.231808, -0.258336, -0.284, -0.308704, -0.332352, -0.354848, -0.376096, -0.396, -0.414464, -0.431392, -0.446688, -0.460256, -0.472, -0.481824, -0.489632, -0.495328, -0.498816, -0.5, -0.498816, -0.495328, -0.489632, -0.481824, -0.472, -0.460256, -0.446688, -0.431392, -0.414464, -0.396, -0.376096, -0.354848, -0.332352, -0.308704, -0.284, -0.258336, -0.231808, -0.204512, -0.176544, -0.148, -0.118976, -0.0895679999999996, -0.0598719999999998, -0.0299839999999998, -1.49222958610084e-37, 0.0299840000000002, 0.0598720000000004, 0.0895680000000003, 0.118976, 0.148, 0.176544, 0.204512, 0.231808, 0.258336, 0.284, 0.308704000000001, 0.332352, 0.354848, 0.376096, 0.396, 0.414464, 0.431392, 0.446688, 0.460256, 0.472, 0.481824, 0.489632, 0.495328, 0.498816, 0.5, 0.499408, 0.497664, 0.494816, 0.490912, 0.486, 0.480128, 0.473344, 0.465696, 0.457232, 0.448, 0.438048, 0.427424, 0.416176, 0.404352, 0.392, 0.379168, 0.365904, 0.352256, 0.338272, 0.324, 0.309488, 0.294784, 0.279936, 0.264992, 0.25, 0.235008, 0.220064, 0.205216, 0.190512, 0.176, 0.161728, 0.147744, 0.134096, 0.120832, 0.108, 0.0956479999999997, 0.083824, 0.072576, 0.0619519999999997, 0.0519999999999999, 0.0427679999999999, 0.034304, 0.026656, 0.0198719999999997, 0.014, 0.00908799999999998, 0.00518399999999974, 0.00233599999999978, 0.000592000000000037, 2.29398841237908e-35
0.5, 0.5, 0.5, 0.5, 0.5, 0.5, 0.5, 0.5, 0.5, 0.5, 0.5, 0.5, 0.5, 0.5, 0.5, 0.5, 0.5, 0.5, 0.5, 0.5, 0.5, 0.5, 0.5, 0.5, 0.5, 0.5, 0.5, 0.5, 0.5, 0.5, 0.5, 0.5, 0.5, 0.5, 0.5, 0.5, 0.5, 0.5, 0.5, 0.5, 0.5, 0.5, 0.5, 0.5, 0.5, 0.5, 0.5, 0.5, 0.5, 0.5, 0.5, 0.5, 0.5, 0.5, 0.5, 0.5, 0.5, 0.5, 0.5, 0.5, 0.5, 0.5, 0.5, 0.5, 0.5, 0.5, 0.5, 0.5, 0.5, 0.5, 0.5, 0.5, 0.5, 0.5, 0.5, 0.5, 0.5, 0.5, 0.5, 0.5, 0.5, 0.5, 0.5, 0.5, 0.5, 0.5, 0.5, 0.5, 0.5, 0.5, 0.5, 0.5, 0.5, 0.5, 0.5, 0.5, 0.5, 0.5, 0.5, 0.5, 0.5, 0.5, 0.5, 0.5, 0.5, 0.5, 0.5, 0.5, 0.5, 0.5, 0.5, 0.5, 0.5, 0.5, 0.5, 0.5, 0.5, 0.5, 0.5, 0.5, 0.5, 0.5, 0.5, 0.5, 0.5, 0.5, 0.5, 0.5, 0.5, 0.5, 0.5, 0.5, 0.5, 0.5, 0.5, 0.5, 0.5, 0.5, 0.5, 0.5, 0.5, 0.5, 0.5, 0.5, 0.5, 0.5, 0.5, 0.5, 0.5, 0.5, 0.5, 0.5, 0.5, 0.5, 0.5, 0.5, 0.5, 0.5, 0.5, 0.5, 0.5, 0.5, 0.5, 0.5, 0.5, 0.5, 0.5, 0.5, 0.5, 0.5, 0.5, 0.5, 0.5, 0.5, 0.5, 0.5, 0.5, 0.5, 0.5, 0.5, 0.5, 0.5, 0.5, 0.5, 0.5, 0.5, 0.5, 0.5, 0.5, 0.5, 0.5, 0.5, 0.5, 0.5, 0.5, 0.5, 0.5, 0.5, 0.5, 0.5, 0.5
9.11966446589418e-35, 3.97355244572e-37, 1.16898806562827e-36, -1.5911469530304e-36, 1.31192235279778e-34, -7.85092802041255e-37, 6.62707208331856e-37, -1.76519591146191e-33, -2.04916654227868e-36, 8.02200326002474e-37, 3.94394025056145e-33, -8.27020352901826e-37, -6.25657928653396e-37, 2.30275024104951e-33, 8.1292930419824e-37, -5.54946132605643e-36, 2.53076499541005e-33, 3.12055798855831e-36, -5.64301915425956e-37, 1.90780417413151e-33, 1.22399360285559e-36, 3.48941691249665e-36, 6.13721824098586e-34, -1.8688935346554e-36, -3.47972408096629e-36, 2.31613135167354e-33, -9.37610180131288e-37, -4.94952797601429e-37, 2.8467902687029e-33, -1.71602863242784e-36, -6.10662790184702e-36, 2.64122346162141e-33, -6.08390877237096e-36, 4.78483403692875e-36, 3.63337652076931e-35, 3.67078215139168e-36, -5.87183196920155e-36, -4.97837661170691e-33, 6.83576827614462e-39, -3.92162131421159e-36, 1.45280976552903e-33, 4.63619649855915e-36, -9.45779409294934e-36, 4.7944284286538e-33, 5.61169694663508e-36, -1.19928164588922e-36, 3.93829161568945e-33, -1.77866244536504e-36, 2.9854400616837e-36, -1.07268847256172e-33, 1.1652760848727e-36, -5.45798231576113e-36, 1.98947268196774e-33, 2.10831836837303e-36, -1.66276940024377e-36, -5.28346742456675e-35, -5.90471146779161e-36, -3.81040001661464e-36, 3.42663347442914e-33, -5.57022561492266e-36, 1.73492680275794e-36, -1.32923862185346e-33, -5.96671901276946e-36, -5.64458345767299e-37, 4.35691176545984e-33, 6.62930179681102e-37, 4.00217933838118e-36, -6.42247546012216e-34, -2.36501283326678e-36, -5.32622725988608e-37, 2.12069657309551e-34, 3.46462943863644e-36, -4.59968604734854e-36, 4.77536290056427e-33, 1.31664948355054e-37, -6.66785972567035e-36, -6.97925056182675e-33, -8.81939151107337e-36, 3.15775931520704e-36, 3.86429621937827e-34, -6.12880811698192e-36, -4.67256266244595e-36, -2.8601754336085e-33, -3.19816081632327e-36, 6.36871212085586e-37, -1.37541737851975e-34, -2.2718615350167e-36, 5.3032700183593e-37, -2.76828678783647e-33, 1.90802140645747e-37, -6.6438044797411e-36, 3.49567971231457e-33, -3.52026681330575e-36, 1.02919006806384e-36, 2.38580896424509e-33, 1.90442777225423e-36, 2.00297000135978e-36, -1.14343019433293e-33, -3.62612005764596e-36, 6.77485815210358e-36, 2.80009782184832e-33, -3.59108571908613e-36, 2.74463973914235e-36, -1.10715258939539e-33, -4.99173870198561e-37, 5.37105740995533e-36, 1.9672752133364e-33, -1.49458482094703e-36, -1.05542360556847e-35, -5.01459396582713e-33, 3.8379906423177e-36, 1.15932002584844e-36, -3.79070944434494e-34, -2.08652311952871e-36, -1.14863194603723e-36, 2.00347576290607e-33, 5.76947526931225e-36, -1.76735525875513e-36, -3.83622654661948e-34, 3.51322773860531e-36, 3.28820616875705e-37, 5.73585834111176e-34, 3.32837882609818e-39, -7.0524666688487e-36, -1.40783618676871e-32, 4.33605928555876e-36, 1.67792983603259e-36, -3.07236257255271e-33, 1.83127749574052e-36, 9.23575047002418e-37, 5.39908107823829e-33, -4.9308532935214e-36, -1.76051697164499e-36, -5.26692551389445e-33, 1.79757459969043e-36, 6.83827748251314e-36, 2.94915954881783e-33, 6.20622677603086e-36, 8.63658027194268e-36, -7.91293944740587e-33, 5.15428649707796e-36, 1.53516876744491e-37, 7.91820354557635e-34, 1.66770383824356e-36, 2.18312898029111e-38, 1.0489774414687e-32, 8.69023334449018e-36, 7.5730826884418e-36, 5.14422013680327e-33, -7.20831620849888e-36, -6.95728924803785e-36, -4.53473161608354e-33, 3.5115276976717e-36, -1.75394297264384e-36, -2.17352762647563e-33, -1.61324755586721e-36, -5.56119987362818e-36, -3.65370141242494e-33, 2.96554795770967e-36, 1.25782097944498e-36, -2.85702007474611e-33, -1.42287071499816e-37, -3.08973966841858e-36, -8.00364449219214e-34, 3.47382358986335e-36, 1.96849910187861e-37, 1.20791602122224e-33, 4.60800102207973e-36, 3.84932350982392e-36, -2.52933678986281e-33, -1.3474774971286e-36, 1.41610243566454e-36, -9.6456143933779e-34, -5.56250583286849e-37, -2.76161915523203e-36, 1.9386959596242e-33, -2.71836801555391e-36, 1.23600320906312e-36, 4.36942295968299e-33, -1.01991749894872e-36, 4.58255030761325e-36, 2.92520808862021e-33, -1.10428931471022e-36, 1.5707681967326e-36, -6.79313177121909e-34, -8.85586329476658e-37, -1.69346360221123e-36, 5.89559549107188e-34, -1.09668140869082e-36, -5.2114626893952e-37, -6.66339300109088e-35, 2.17396171551509e-37, 7.99676850890441e-37, -1.95720859937344e-34, -1.20800333436251e-36, 6.89592390150578e-37, -3.50873536964387e-34, -3.972410278652e-38, 7.65809321954657e-38, 1.29368858190223e-34, 6.58359450829453e-35
9.13480627268108e-36, -3.98338285740797e-35, -3.75943623165165e-39, -1.8551501553372e-37, 7.05433026310329e-35, -4.13315370828581e-38, 1.058822682639e-37, -6.73099084979861e-36, 6.47289550744314e-38, -1.10876651841417e-37, -7.64461903715813e-35, -4.65282098799344e-37, 2.84352542317342e-37, 1.60901753520166e-34, 1.21973736025065e-37, -6.77122417394828e-37, 2.50195568570849e-34, -3.56023847684675e-37, -4.4404253470779e-38, 1.43938224170262e-33, 2.7648882181889e-37, 4.40903784998021e-37, 1.1958807072401e-33, 2.76040912529376e-37, 6.42862760088222e-37, 9.3340313261691e-34, 1.03126856678215e-37, -5.73341362339014e-37, -2.85541822047255e-34, -1.33111930379831e-36, -2.01379601953989e-36, 1.00551246551965e-33, -2.38752972161191e-36, 1.56884364862662e-36, 3.67798484847961e-34, -1.56315805161342e-37, -6.72558633479963e-37, 1.56164367849441e-33, -1.24761128869756e-36, -1.23402504975207e-37, 1.37817403595217e-33, 1.91665851886129e-36, 1.39676703512157e-37, 1.92793477671916e-33, 2.66053485983445e-36, -9.78181415888703e-37, -2.41187761763871e-33, -7.74341450356219e-36, 2.68894418829735e-36, -5.70565563945297e-33, 2.83433629857926e-37, -3.92671977143782e-36, 7.87117296966227e-34, 4.74055260429061e-36, 3.58512413973415e-36, 7.10405279687418e-34, -1.92341899887419e-36, -2.20120335431661e-36, 1.84635851893922e-33, -2.2745397064508e-36, 4.29884079957243e-37, -1.5069561740571e-33, -4.77651262642783e-36, 5.50426138409493e-36, 2.55307884320168e-33, 5.81921062822211e-37, 7.38798581928054e-36, 3.31440865235616e-34, -7.11450110807217e-36, -2.54089647138398e-36, 3.62173322787983e-33, 2.70040032277462e-36, -1.07485234739038e-36, 1.60787436925483e-34, 6.56069260724957e-36, -2.85605791251736e-36, 7.14514874222674e-33, -7.59990116746833e-36, -1.63776150095278e-36, -7.79991111635413e-33, -4.70032827520716e-36, -8.67952576823827e-36, 4.17561106756807e-33, -7.94400893736344e-36, 9.07617881369822e-36, 8.8748736813979e-33, -6.60810238611683e-36, -4.33926865941931e-36, 3.82838590540128e-33, 6.65292673559867e-36, -3.81629790493705e-36, -1.31452295481729e-33, -6.64948838225603e-37, -7.08138536685111e-36, -4.29076347378314e-33, 1.2927262935757e-35, -5.14284908464883e-36, 5.77559454156655e-33, -4.77585465700279e-36, 1.0241967268181e-35, 1.33373147167117e-33, -7.99879452168221e-36, 4.27075628561256e-36, 4.23800652357694e-33, -5.24121195350647e-36, -2.11021220441762e-36, 5.96615017603836e-33, -5.30604638595845e-36, -9.18154745439112e-36, 3.19476082102827e-34, -7.0710787994801e-36, -4.24335136655058e-36, 1.48177306190993e-32, -7.98231082591571e-36, 3.22188295123057e-36, 8.21399921519526e-33, 1.64847054287967e-35, -8.87268810257515e-36, 6.71457660499463e-33, -4.51365474501923e-36, -7.91381455193354e-36, 1.56523429318855e-32, 4.38642267828299e-36, 4.74858042848753e-36, -1.02171727182916e-33, -4.8242708769129e-36, 8.03358858248454e-36, 1.30678463921556e-32, 1.96427497431945e-36, 7.85387230277124e-36, 3.57551843318015e-33, -1.95760756544142e-35, -1.71552796578382e-36, -9.78251872033291e-33, -1.59618585552294e-35, 4.52208548364399e-36, -6.06658190785096e-33, 1.79469659109669e-35, 4.39170312818389e-36, 6.81908349690574e-33, 8.46677266970336e-36, -8.16186102071346e-37, 4.67188692998765e-33, 1.45503897264162e-36, -1.11560428886119e-36, -5.53713203817674e-33, 3.25962251272209e-36, 9.93669599649988e-36, -2.05087541657637e-33, -1.20353944268743e-35, 7.90001755349513e-36, 8.56983885061349e-35, 5.27976826618697e-36, 4.13686296279332e-36, 7.34846313170726e-33, -2.91816328428674e-36, 7.45280922329466e-37, 8.05537958676988e-33, 7.28336057460462e-36, 5.34080163850047e-36, -2.90834369320867e-33, 6.51455617515967e-37, -8.97021435545866e-36, 4.16565476996351e-33, -3.14881848677536e-36, 2.94973451342082e-36, 1.39516737677672e-32, 1.85441132031682e-36, -3.46173281830303e-36, -5.2578441709529e-34, 4.4865456761684e-36, 2.76426219370516e-36, -1.12996447863816e-33, -6.87900715038865e-36, -1.66950849622316e-36, -2.68564136565025e-34, 4.16452014977931e-38, 1.11868987240951e-35, -6.25878885402433e-34, 4.09562649995769e-36, -8.55415985861766e-37, -7.131337321655e-34, -2.57948621059426e-36, 1.79511387231514e-36, -5.44892108215319e-34, -5.80640403637033e-36, -1.71272348551003e-36, -3.13567661571271e-33, -3.69481364082343e-36, 4.76744893757682e-37, 2.50438881359354e-34, -1.23013095145301e-36, 1.25243514244081e-36, -3.85163565635733e-34, -2.41287683703195e-39, -4.30824372979774e-37, 4.19130376778434e-36, -2.62132712009586e-37, 5.19831933935758e-37, 2.31110015354536e-34, -4.01928374578345e-36
-5.73666452336442e-35, -2.73804138859105e-35, -6.23496110852241e-38, 5.47074237478238e-37, 4.65088513305976e-35, -5.05317147580307e-37, 3.98551647977469e-38, 1.40967480178964e-34, 3.4593989157299e-37, -4.38864226721888e-37, -6.07762801056219e-34, -4.54496068663388e-37, 1.1502155486367e-36, 1.29393504179409e-33, 8.09359266109519e-37, -8.2706420071312e-37, -8.13188369068262e-34, 2.81560070426956e-37, 8.45291835408523e-37, 3.36383743243444e-34, -2.40683481662332e-37, 2.60384745732473e-37, 3.76473734767984e-34, 2.37665800220623e-38, 9.57732990731562e-38, -1.1401894767927e-35, -8.18878606599214e-38, 1.10608269762341e-37, 1.71443424242698e-35, -1.91377847479395e-37, -1.88116104161265e-38, 3.64556610087436e-34, 1.04197831828717e-37, 1.51184982451013e-37, -4.69662208897401e-34, -8.14187431910884e-37, -3.78255084425085e-37, -1.29036162010837e-33, -1.04975749840548e-37, 1.52883315341925e-36, -9.35930804562317e-34, 1.16083069793502e-36, 3.57537346588747e-36, 1.08457325155187e-33, 1.3257230409584e-36, -2.08714954119299e-36, -1.21700444408415e-33, -2.84494541084294e-36, 2.80735654695886e-36, 3.26641218362961e-33, 7.46068433805746e-37, -1.10597981043659e-36, 2.13842216945926e-33, -6.37148927414554e-37, -3.15115048029828e-36, -4.89647343834926e-34, -1.44576183047655e-36, 1.67772163303354e-36, 2.02409589052541e-33, 1.79699782804511e-36, 3.45530936182498e-36, -3.1190815539466e-33, -7.10354831273406e-37, -3.33865243125091e-36, -1.6890304365359e-33, -7.80555649305586e-37, -2.43777703059619e-36, 1.40552324009627e-33, 4.79938029065093e-37, -1.64053155381936e-36, -7.90998047328135e-34, -2.84904388462566e-36, 2.76412135953108e-36, -2.30373769417289e-33, 1.88161781958878e-36, 1.82580407613723e-37, 2.19042143969335e-33, -4.3605589750161e-36, -4.34642481343848e-36, 1.56272047663664e-33, -2.99837851560055e-36, 5.92773414224954e-37, -4.67230828801476e-33, -3.35330469753718e-36, 1.71614172649751e-36, -2.09722121936453e-33, -7.03880781702528e-37, 1.66679267211827e-36, -4.59955715232146e-34, 5.37924445296806e-36, 4.01129156821099e-36, -4.30508833356501e-33, -7.64483574584618e-36, -1.54746208544407e-36, -6.80284687213035e-34, -2.6476513940517e-36, 1.08363487109075e-35, -4.56524797775404e-33, 6.20166246912514e-36, -1.67014125372707e-36, 3.03372233267154e-33, -7.13582508631753e-37, 5.01407412677761e-36, -5.42840283543423e-33, -4.97885863246863e-36, -3.88938130947368e-39, -1.91916186365019e-33, 1.67846051546817e-36, 7.59803399222179e-36, 7.52573990070332e-33, 3.68192067982038e-37, 5.26346690628189e-36, 1.28628617853945e-34, 3.41891559113229e-36, 3.72196024813922e-36, 5.931545060329e-33, -2.1308348647487e-36, -1.30783136636995e-35, 8.57110909359182e-33, 7.23072779105983e-36, 1.06763005514904e-36, 5.04373717257714e-33, 6.06125705892611e-36, 1.73335601356595e-35, 1.11807027696289e-32, -3.29684571223854e-36, -1.42519141501885e-37, -1.10724892802358e-32, -1.22533373382745e-35, 2.77869969558749e-36, 1.47448724862192e-33, 9.95601800697916e-36, -1.5263925386137e-35, -6.79933812005488e-33, 1.24117320021126e-37, -5.01356066229367e-36, 2.03828878296834e-33, -3.14770196841758e-36, -1.94489406196705e-38, -8.07694374858236e-34, -3.90132593366164e-36, -7.24552392533135e-36, -1.04108553724607e-33, 2.13063233350519e-36, -1.15453078229427e-35, 7.71779008135299e-34, 2.69172580835727e-37, 1.04332552645561e-36, 8.45759075487878e-33, -3.63404236630183e-36, 7.92610928997353e-37, -3.57067394937308e-33, 1.33821542903765e-36, 1.3281650313661e-35, -1.10380403059454e-32, 1.27740207370271e-35, -4.49088309592769e-37, -9.51763321101866e-33, 3.17744261099625e-36, 1.12585963831791e-35, 2.92924342493739e-33, -6.25512457341857e-37, 1.32531790203492e-35, -9.04392520001031e-33, -2.01359655786256e-36, 6.55324027351706e-36, 4.22069559434282e-33, 1.0511284487738e-36, 3.55568134279374e-37, -5.05018914244268e-33, 7.5836741602846e-36, 2.44176875775337e-36, 5.10050668134151e-33, -6.4463227188208e-36, 4.84699922973546e-36, 3.31629889905531e-34, 4.28810622537883e-36, -3.04212150679196e-36, 1.18913863810019e-33, -7.8272187140971e-37, -2.35693196620079e-36, 1.22282365262829e-35, 4.13731612931676e-36, -3.34147574094732e-36, 2.78844960109662e-33, 3.43330534884916e-38, 2.29616537900066e-36, 2.01115146452394e-33, -2.58715477794836e-37, -1.03788655961427e-36, 1.04662492348183e-33, -1.46709203495373e-37, -4.43189491596407e-37, 1.3744996441204e-33, -5.82016113269266e-37, -7.29573346621289e-38, -1.12879745669479e-35, 1.14652971661407e-37, -2.55648334633651e-37, -1.00036331474676e-34, -3.96473909568673e-36
-0.0598374976076502, -0.0627516282327348, -0.0686209544164632, -0.0774676856612309, -0.0892708964501303, -0.103982403209676, -0.121531633552157, -0.141828162555369, -0.164763151290414, -0.190210165154662, -0.21802570267576, -0.248049658108322, -0.280105885426963, -0.314003001040768, -0.349535532589916, -0.386485485536873, -0.424624361295853, -0.463715624111584, -0.503517580390595, -0.543786603950243, -0.584280613872781, -0.624762689107806, -0.665004687008162, -0.704790723212664, -0.74392036914917, -0.782211431845654, -0.819502198814434, -0.855653057630419, -0.890547433541442, -0.924092026214171, -0.956216365127204, -0.986871738605887, -1.01602958079496, -1.0436794214651, -1.0698265139533, -1.09448925637532, -1.11769651116303, -1.13948490930989, -1.15989620002735, -1.17897467513275, -1.19676466111847, -1.21330803062222, -1.22864163878725, -1.24279453828532, -1.25578476711523, -1.26761542811525, -1.27826967541136, -1.28770407507622, -1.2958395183788, -1.30254756943542, -1.30762271159602, -1.31077708552031, -1.31170621527948, -1.31014577239904, -1.30585110573289, -1.29855987575267, -1.2879733974629, -1.27374601973924, -1.2554808331125, -1.23273185240067, -1.2050133262518, -1.17181687019615, -1.13263674002801, -1.08700274770596, -1.03451914471338, -0.974906449675598, -0.908041996323055, -0.833994319843696, -0.753046736328677, -0.66570674713551, -0.572700021452824, -0.474950120381672, -0.373547068673662, -0.269708710440349, -0.164738295455532, -0.059980321861676, 0.0432248472287487, 0.143587779673134, 0.239917797919079, 0.331169818713638, 0.416486332217972, 0.49522954137484, 0.566999023609598, 0.631632105662839, 0.689186887314389, 0.739910633084008, 0.784198281904957, 0.822546675158376, 0.855509773196275, 0.883658937431909, 0.907550750414477, 0.92770324867526, 0.944580140368963, 0.958581702207149, 0.970040593729858, 0.97922069769497, 0.986317158282079, 0.991455909160837, 0.994690968010766, 0.995996615355537, 0.9952434229829, 0.992201500508324, 0.986628079402271, 0.978345297049059, 0.967227001518026, 0.953164558904474, 0.936053338244357, 0.915786960904164, 0.892256299470722, 0.865352059934986, 0.834970251177275, 0.801020025581433, 0.763433401714875, 0.722176300778055, 0.67726018872437, 0.628753459540123, 0.576791565275991, 0.521584836750223, 0.463422980052072, 0.40267539795147, 0.339786771612502, 0.275267724781422, 0.209680840305861, 0.143622756766435, 0.0777034866563225, 0.01252441486257, -0.0513433871877891, -0.113378891739756, -0.173127428527222, -0.230212470679157, -0.284342258034061, -0.335311160423224, -0.382996200938067, -0.427349580837947, -0.468388318806673, -0.506182215343187, -0.54084128993428, -0.572503652917761, -0.601324518260503, -0.627466791020809, -0.651093417437107, -0.672361494770504, -0.691418015100709, -0.708397062607309, -0.723418291317325, -0.736586576219305, -0.747992862676128, -0.757716457968497, -0.765829395268727, -0.772404742886188, -0.777537263574817, -0.781356498761922, -0.783994000701333, -0.785544173371155, -0.786067012587805, -0.785603038084918, -0.78417898593462, -0.781811047921656, -0.778507011902918, -0.77426775120324, -0.769088313094024, -0.762958766524429, -0.755864918145019, -0.747788975227455, -0.73871021647856, -0.728605720382818, -0.717451192086235, -0.705221922507711, -0.69189390605082, -0.677445134567988, -0.661857074071095, -0.645116316795999, -0.627216385036744, -0.608159645637681, -0.58795927653277, -0.566641210885816, -0.54424597197549, -0.520830304679594, -0.496468508633733, -0.471253384705179, -0.445296720399845, -0.418729260386693, -0.391700133784821, -0.364375737826483, -0.336938105230115, -0.309582807376778, -0.282516464882021, -0.255953949726013, -0.230115367692775, -0.205222905841402, -0.181497616794956, -0.159156190267002, -0.138407734759093, -0.119450563484737, -0.10246895260282, -0.0876298111372995, -0.0750791443847981, -0.06493807746413, -0.0572980458766106, -0.0522140061715636, -0.0496869613544513
1.92141130373621, 1.92123270841973, 1.92088862906346, 1.92040816838507, 1.91983813030186, 1.91924198927636, 1.91869782456313, 1.91829617662214, 1.91813757831092, 1.91832990012197, 1.91898556198257, 1.9202186392187, 1.9221419147188, 1.92486394349884, 1.92848619613048, 1.93310034532018, 1.93878576038575, 1.9456072763141, 1.95361330422168, 1.96283434510977, 1.97328195652261, 1.98494820164931, 1.99780558454612, 2.01180744750967, 2.02688878187491, 2.04296738531031, 2.05994528862782, 2.0777103727014, 2.09613809948062, 2.11509328822471, 2.13443187736803, 2.15400262290752, 2.17364869534049, 2.19320914849643, 2.21252024445085, 2.23141662826883, 2.24973235381758, 2.26730176681157, 2.2839602535647, 2.29954486399385, 2.31389481582593, 2.32685188426142, 2.33826067810035, 2.34796880032731, 2.35582688917767, 2.3616885345312, 2.36541006321746, 2.36685018828511, 2.36586952084448, 2.36232994431821, 2.35609480142669, 2.34703683127749, 2.33505821127502, 2.32010886761166, 2.30219091095316, 2.28135584259073, 2.25770211307244, 2.23137406868865, 2.20256239418919, 2.17150618840801, 2.13849673989113, 2.10388285772787, 2.06807722872486, 2.03156273231262, 1.99489704761012, 1.95871341573471, 1.92371530294894, 1.89066313104124, 1.8603522328517, 1.83358257530837, 1.81112223217127, 1.79366773031524, 1.7818050111499, 1.77597479822009, 1.77644573568538, 1.78329790644605, 1.79641837727275, 1.81550930778649, 1.84010790967031, 1.86961621375812, 1.90333740394824, 1.94051472487332, 1.9803689146094, 2.02213077559434, 2.06506666052981, 2.10849598993352, 2.15180113926909, 2.19443094024932, 2.23589954138314, 2.2757824667094, 2.31371147648304, 2.34936940213343, 2.3824856492536, 2.4128326589076, 2.44022335625583, 2.46450950583095, 2.48558090376936, 2.50336541958563, 2.517830008487, 2.52898291858698, 2.53687685541608, 2.54160878324223, 2.54331163804868, 2.54214415950728, 2.53828724249541, 2.53194484805222, 2.52334552485495, 2.51274386337934, 2.50042166706726, 2.48668861066899, 2.47188214529026, 2.45636640489582, 2.44052987370288, 2.42478159450002, 2.40954574067633, 2.39525444689058, 2.38233890089462, 2.37121884296038, 2.36229079220187, 2.35591550372027, 2.3524053313232, 2.3520122972371, 2.35491772362866, 2.36122424006274, 2.37095084020374, 2.38403143250611, 2.40031704320502, 2.41958152699403, 2.44153036498613, 2.46581191713491, 2.49203036888155, 2.51975957318573, 2.54855702648163, 2.577977306565, 2.60758441552232, 2.63696259126741, 2.6657252676479, 2.69352197498242, 2.72004308199449, 2.74502238515514, 2.76823765077527, 2.78950931380069, 2.80869764353666, 2.82569878792673, 2.84044015292969, 2.85287553501653, 2.8629804320377, 2.87074812969237, 2.8761870289958, 2.87931958327109, 2.88018362959204, 2.87883054416568, 2.87531395583445, 2.86967972024662, 2.86196564381641, 2.85220402935886, 2.8404247671008, 2.82665959565384, 2.81094561305792, 2.79332831036917, 2.77386432915967, 2.75262369194528, 2.72969159630305, 2.70516964779433, 2.67917636847543, 2.65184693786032, 2.62333218858887, 2.59379689966416, 2.56341746789276, 2.53237909200939, 2.50087264294715, 2.46909140326386, 2.4372278451163, 2.40547059065319, 2.37400166743354, 2.34299413612742, 2.3126101299166, 2.28299930850899, 2.25429769961064, 2.22662688117724, 2.20009345032585, 2.17478872821721, 2.15078866142904, 2.12815389554552, 2.10693001232678, 2.08714793505677, 2.06882451554537, 2.05196331975121, 2.03655562700544, 2.02258165114389, 2.01001198178664, 1.99880923148279, 1.98892985923649, 1.98032612246447, 1.97294809084792, 1.9667456468899, 1.96167040040648, 1.95767740519731, 1.95472645344068, 1.9527830592022, 1.95181881275272
0.694479969350717, 0.694215035219515, 0.693704359448232, 0.69299566742656, 0.692167343253037, 0.691325219526391, 0.690599466776798, 0.690140882456063, 0.690116934887019, 0.690707521217518, 0.692100485295316, 0.694486975445216, 0.69805671423592, 0.702993258440731, 0.709469347124352, 0.717642453626399, 0.727650664410317, 0.739609002532587, 0.753606297385415, 0.76970267836555, 0.787927741840923, 0.808279411518108, 0.830723484171807, 0.855193826526619, 0.881593165218042, 0.909794391037549, 0.939642282870657, 0.970955548160324, 1.00352907712123, 1.03713631749932, 1.07153169368633, 1.10645301517706, 1.14162384077266, 1.17675578303571, 1.21155074987935, 1.24570312586506, 1.27890189519908, 1.31083270295354, 1.34117984263569, 1.36962814900146, 1.39586476701634, 1.41958076291004, 1.44047254252606, 1.45824304574219, 1.47260269280966, 1.48327006837264, 1.48997234113074, 1.49244542747586, 1.49043391576631, 1.48369077695863, 1.47197596442065, 1.45506976225267, 1.43281687741366, 1.40516677306753, 1.37217971381687, 1.33401908987564, 1.29094622127964, 1.24331632492672, 1.19157538907073, 1.13625778468123, 1.07798451905586, 1.01746206467914, 0.95548162724846, 0.892918501131453, 0.830730756634205, 0.769955914816834, 0.711703587608204, 0.657141517966607, 0.607472384326858, 0.563899475602702, 0.527581047143017, 0.499575619544569, 0.480783086749458, 0.471888479459057, 0.473315926371876, 0.48519946738028, 0.507375033837845, 0.539394636807199, 0.580560347069002, 0.629972789397091, 0.686587194400421, 0.749269810507157, 0.81684858511859, 0.888154097735112, 0.962049196591659, 1.03744803126137, 1.11332669764565, 1.18872831554498, 1.2627651546361, 1.33461973054981, 1.40354596352624, 1.46887078712415, 1.52999613341533, 1.5864010119065, 1.63764339197577, 1.68336172772516, 1.72327617075663, 1.75718975430217, 1.78499006366439, 1.80665210030908, 1.82224367921205, 1.83192555767057, 1.83593444245804, 1.834562326683, 1.82815024364245, 1.81708967486768, 1.8018235978028, 1.78284725764226, 1.7607082621526, 1.73600558550771, 1.70938708831009, 1.68154521065441, 1.65321056463839, 1.62514323466149, 1.59812168709955, 1.57292929923273, 1.55033864762837, 1.53109385572561, 1.51589149103711, 1.50536071466835, 1.50004359517681, 1.50037666716371, 1.50667489905592, 1.51911919826345, 1.53774840962977, 1.56245646779837, 1.59299498699241, 1.62898117222832, 1.66991057525554, 1.71517394173059, 1.76407722126192, 1.81586372945004, 1.86973743430348, 1.92488636027433, 1.98050514438745, 2.03581583840691, 2.09008613788301, 2.14264434642279, 2.19289056194438, 2.2403038024408, 2.2844450579088, 2.32495652981378, 2.36155755872381, 2.39403792477997, 2.42224935622738, 2.44609620573197, 2.4655262351351, 2.48052221462612, 2.49109509456004, 2.49727958849211, 2.49913267966382, 2.49673023786636, 2.49015424934035, 2.4794777529728, 2.46476131720794, 2.44605943359799, 2.4234276928511, 2.39692850680842, 2.36663684145253, 2.33264583759744, 2.29507196458238, 2.25405959207069, 2.20978450127405, 2.16245609071054, 2.11231815049987, 2.05964808639646, 2.00475455754191, 1.94797362736279, 1.8896636407407, 1.83019911629126, 1.76996399426269, 1.70934461168073, 1.64872277749, 1.58846928471673, 1.52893812866207, 1.47046161332325, 1.41334643809228, 1.35787077560402, 1.30428228698797, 1.25279697624449, 1.20359876159576, 1.15683963684155, 1.11264030659197, 1.07109120102469, 1.03225380310511, 0.996162248734971, 0.96282518366485, 0.932227877170799, 0.904334599805226, 0.87909127054042, 0.856428367968753, 0.836264082853861, 0.818507668696002, 0.803062926686458, 0.789831740779197, 0.778717549138392, 0.769628599127548, 0.762480833976017, 0.75720031529641, 0.753724569919838, 0.752001841981323
1.22699647411743, 1.227073987803, 1.22722052306885, 1.22741649328925, 1.22763128010672, 1.22782348383706, 1.22794217906539, 1.22792819165916, 1.22771561513208, 1.22723343914755, 1.22640725261085, 1.22516101197682, 1.22341884671673, 1.22110686518122, 1.21815492824403, 1.21449836354945, 1.2100795945856, 1.20484965688547, 1.19876957121713, 1.19181154345273, 1.18395996478053, 1.17521219427805, 1.1655791168403, 1.15508547986568, 1.14377001873672, 1.13168538228915, 1.11889786571384, 1.10548695216749, 1.09154465900908, 1.07717468268063, 1.06249133905685, 1.04761830330789, 1.03268716355226, 1.01783581395611, 1.00320672367812, 0.988945126786407, 0.975197184094496, 0.962108170310325, 0.949820738841814, 0.938473312258103, 0.928198639356382, 0.919122551000872, 0.911362937470383, 0.905028960748079, 0.900220506506363, 0.897027873572049, 0.895531694745685, 0.895803079737808, 0.89790396968939, 0.901887698080519, 0.907798888873573, 0.915669937101914, 0.925513189958496, 0.937313637201036, 0.951026436041075, 0.9665776300027, 0.983865026799235, 1.00275840052696, 1.02309908702255, 1.04469903235704, 1.06733937376113, 1.09076869061147, 1.11470117233541, 1.13881511177782, 1.16275232054999, 1.18611922389058, 1.20849045983292, 1.22941572887329, 1.24843040409157, 1.26507004224217, 1.27888845771511, 1.28947843179771, 1.2964934417023, 1.29966812186817, 1.29883476480256, 1.29393331651079, 1.28501316301994, 1.27222641435373, 1.25581399904581, 1.23608719708418, 1.21340783662243, 1.18817008181381, 1.16078571721646, 1.13167353419264, 1.10125233087483, 1.06993643573367, 1.03813256586622, 1.00623706371677, 0.974632918268538, 0.943686329916206, 0.913742856981738, 0.885123364464589, 0.858120078650851, 0.832993042710847, 0.809967189574423, 0.789230130906538, 0.770930638828111, 0.75517769858362, 0.742039950105738, 0.73154531369449, 0.723681080536238, 0.718395901037829, 0.715604458303777, 0.715192591779313, 0.717020183122026, 0.720921943834702, 0.726707487075181, 0.734161336658043, 0.743043126366218, 0.753088241781447, 0.764009136492174, 0.775497517709938, 0.787227544887561, 0.798860120420221, 0.810048278280043, 0.820443599274208, 0.8297035050236, 0.837499211038343, 0.843524056439491, 0.847501877580874, 0.849195058531334, 0.848411876760832, 0.845012771243705, 0.838915195400528, 0.830096778785811, 0.818596604587396, 0.804514505912852, 0.788008381854694, 0.769289625768276, 0.748616838873226, 0.726288072469676, 0.702631904272119, 0.677997710518478, 0.652745544559647, 0.627236069241276, 0.601821005110548, 0.576834538338595, 0.552586074023514, 0.529354624570493, 0.507385002420402, 0.486885858964718, 0.468029487486888, 0.450953188022925, 0.435761883182181, 0.422531610188459, 0.411313526530667, 0.402138090103606, 0.395019043852181, 0.389957102176985, 0.386943484045983, 0.385963274047315, 0.386996892532545, 0.390019427063152, 0.39500484802395, 0.401930639381051, 0.410773606710475, 0.421505740313665, 0.434093581043251, 0.448496690698967, 0.4646654493276, 0.482538747929499, 0.502042086322586, 0.523086083086801, 0.545565522158378, 0.569359077936738, 0.594329756830687, 0.620326039602365, 0.647183693298114, 0.674728188544122, 0.702777607640513, 0.731145888381853, 0.759646231608413, 0.78809450303687, 0.816312473489644, 0.844130762250965, 0.87139137578571, 0.897949768042576, 0.923676386048513, 0.948457700639192, 0.972196752286663, 0.994813263187259, 1.01624337838464, 1.03643910177548, 1.05536748934515, 1.07300965412853, 1.08935962730632, 1.10442310940213, 1.11821613625516, 1.1307636773081, 1.14209817913091, 1.15225806489843, 1.16128620084113, 1.16922834445079, 1.17613159745896, 1.18204289649792, 1.18700757622294, 1.19106803202545, 1.19426254111649, 1.19662439690092, 1.19818114466364, 1.19895395346145
-0.0632964573766536, -0.0662330827957453, -0.0721116817783043, -0.0809358030194739, -0.0926865135388129, -0.107319274121606, -0.124766543740536, -0.144940040836954, -0.167732366901589, -0.193018123917627, -0.22065469798028, -0.250482912607782, -0.282327739466517, -0.315999213121605, -0.351293654138858, -0.387995268043149, -0.425878154182582, -0.464708726028386, -0.504248512570365, -0.544257280432513, -0.584496389692703, -0.624732274542997, -0.664739924066588, -0.704306229609332, -0.743233064425168, -0.781339969095884, -0.818466332714265, -0.854472984226606, -0.88924313901075, -0.92268268025233, -0.954719789939501, -0.985303977107532, -1.01440457836524, -1.04200882539399, -1.06811958456658, -1.09275287455109, -1.11593525902089, -1.13770119426162, -1.15809038677319, -1.17714518520718, -1.19490799516164, -1.21141866462496, -1.22671174087224, -1.24081344343259, -1.25373812937598, -1.26548394676293, -1.2760272841875, -1.28531553718892, -1.29325771031992, -1.29971323121747, -1.30448562243662, -1.30733190914339, -1.30798627964635, -1.30618058233614, -1.30164630242195, -1.29410077632147, -1.28323134468193, -1.26868494420137, -1.25006406498818, -1.22692938676681, -1.19880953009688, -1.16521829219695, -1.12567933638374, -1.07975755652947, -1.02709531823034, -0.967450670843217, -0.900733710140744, -0.82703686598451, -0.746655238796664, -0.660094269693542, -0.568063793141472, -0.471459434374799, -0.371333820119935, -0.268860734618167, -0.165295066109095, -0.0619304505587299, 0.0399444819659269, 0.139090813997081, 0.234364162246628, 0.324757671972913, 0.409439974880959, 0.487784156822829, 0.559384055220423, 0.624055576184814, 0.681822830847213, 0.732891125126107, 0.777610588157479, 0.816435103900338, 0.849881138098792, 0.87849021397108, 0.902797515005797, 0.923307727086058, 0.94047804011819, 0.954707355665548, 0.966330221019057, 0.97561378133765, 0.982756022170843, 0.987883673183646, 0.991048359438751, 0.992220674302381, 0.991288753495716, 0.988077405315886, 0.982391148087578, 0.974053977435167, 0.962920675861174, 0.948867246669777, 0.931779260607817, 0.911545164244166, 0.88805433915367, 0.861198986544784, 0.830879070024585, 0.79700968477175, 0.759530261241232, 0.718414970479377, 0.673683601860389, 0.625412069070044, 0.57374160831229, 0.518885702778968, 0.461133828276848, 0.400851280817597, 0.338474615072264, 0.274502572953879, 0.209482780131673, 0.143994891694491, 0.0786312297027412, 0.0139762302807324, -0.0494138314097461, -0.111029369022522, -0.170422953516271, -0.227220712095703, -0.281129058327371, -0.331936618652662, -0.379511673119526, -0.423795806103128, -0.464794719121231, -0.50256727045189, -0.537213780239729, -0.568864502995755, -0.597668963239815, -0.623786618759849, -0.647379097815562, -0.668604078825077, -0.687610759289963, -0.704536801883263, -0.719506651872273, -0.732631190917574, -0.744008826080641, -0.753728311197778, -0.761873831176968, -0.768532648533985, -0.7738014096555, -0.777784259354225, -0.780582425290838, -0.78228187791192, -0.782946866026683, -0.782621600736522, -0.78133485582875, -0.779103574353478, -0.775935412937299, -0.77183054186394, -0.76678296199281, -0.760781525236097, -0.753810789234363, -0.745851798363527, -0.736882857674375, -0.726880350328565, -0.715819638774398, -0.703676081795915, -0.690426191391682, -0.676048944068683, -0.660527250080181, -0.643849571242313, -0.626011663423816, -0.607018404245031, -0.586885651030453, -0.565642060078049, -0.543330787452117, -0.520010985317249, -0.495759007530722, -0.470669244482194, -0.444854520006655, -0.418446001846003, -0.391592600138928, -0.36445985374864, -0.337228329491883, -0.310091581981703, -0.283253739467643, -0.2569267918583, -0.231327659982269, -0.206675120124602, -0.183186646039847, -0.161075213355448, -0.140546088769592, -0.121793596775343, -0.104997817956872, -0.0903211320203953, -0.077904500522573, -0.0678634119694305, -0.0602834466953105, -0.0552158217661701, -0.0526792284654139
3.26545521361915e-06, 2.99383403102479e-06, 2.31899842376526e-06, 5.00660886336882e-07, -3.01678158148756e-06, -9.10844498802513e-06, -1.87394818148682e-05, -3.28519999671943e-05, -5.22994215610269e-05, -7.77792507532221e-05, -0.000109778661184236, -0.000148556340760249, -0.000194165922549543, -0.000246505400676148, -0.000305363460785191, -0.000370431068242461, -0.000441255334720263, -0.00051712975840332, -0.000596934039539029, -0.000678950054973781, -0.000760682878646763, -0.000838707013704462, -0.000908543833140537, -0.000964564732139602, -0.000999912029737371, -0.00100643763490737, -0.000974673994780159, -0.000893865903756449, -0.000752098797641704, -0.000536555745887526, -0.000233922094942987, 0.000169062633536402, 0.00068492637554089, 0.00132469738574094, 0.00209709658615632, 0.00300774093737521, 0.00405840603531459, 0.00524638791979458, 0.00656399315405831, 0.00799817471051572, 0.0095303207325779, 0.0111361948434669, 0.012786020851866, 0.0144447018413155, 0.0160721639092783, 0.0176238173297554, 0.0190511308266474, 0.0203023186864104, 0.0213231418934345, 0.022057814059728, 0.0224508183314587, 0.0224520068632556, 0.0220254672860724, 0.0211576417222381, 0.0198605391785164, 0.0181710529450983, 0.0161488371859193, 0.0138733115802662, 0.0114395037878326, 0.00895252260554438, 0.00652062828037612, 0.00424716099492398, 0.00222199041248625, 0.000513575742175679, -0.000836978953177528, -0.00181852543182068, -0.00244829495791142, -0.00276627343576465, -0.00282676913184801, -0.00268920664779598, -0.00241025944517442, -0.00203875179540552, -0.00161367450393773, -0.00116468911930155, -0.000714006946492896, -0.00027857930472365, 0.00012805158051117, 0.000494384972799945, 0.000809883043400627, 0.00106397281665018, 0.0012451771567692, 0.00134070578901455, 0.00133688917302533, 0.00122059381953322, 0.000981372894574555, 0.0006138099434803, 0.000119443245441822, -0.00049219522338732, -0.00120362899709159, -0.00199050772696241, -0.00282343118123122, -0.00367015750582998, -0.00449782500689915, -0.00527489313246944, -0.00597263009023264, -0.00656610781201785, -0.00703478401913663, -0.00736284280514086, -0.0075395331359574, -0.00755980902491203, -0.00742524439206371, -0.00714424309992976, -0.00673070936529725, -0.00620218964189082, -0.00557888726155107, -0.00488332312643555, -0.00413984187747887, -0.00337380412480228, -0.00261058805867419, -0.00187448857663256, -0.0011875988945687, -0.000568769044332512, -3.2742705391788e-05, 0.000410431748282663, 0.000755644827786508, 0.00100259636207283, 0.00115531913658984, 0.00122143414762669, 0.00121125250219483, 0.00113685100410499, 0.00101123415492924, 0.000847660559311699, 0.000659167087109925, 0.000458280515007516, 0.00025687190406461, 6.608825883359e-05, -0.000103709167369018, -0.000243060484679231, -0.000343614189639402, -0.000398431363967416, -0.00040235847230379, -0.000352410143990858, -0.000248084474222503, -9.15314194956231e-05, 0.00011248757851405, 0.000356876166684237, 0.000632700492947956, 0.0009298525895311, 0.00123779783969836, 0.00154631304683855, 0.00184612433167165, 0.0021293724430699, 0.00238987119727051, 0.00262317437982137, 0.00282649260171103, 0.00299848119717473, 0.00313892985658253, 0.00324849765352007, 0.00332854103120104, 0.00338098788240341, 0.00340844810412779, 0.00341382780592799, 0.00339910734825402, 0.00336528828100659, 0.00331307996480562, 0.00324240680727476, 0.00315224768739044, 0.00304134873460619, 0.002908617049104, 0.00275338399965323, 0.00257566752097683, 0.00237629564059764, 0.002157010488006, 0.00192053251319335, 0.0016705285856912, 0.00141148880697036, 0.00114853595822749, 0.000887178682484324, 0.00063301934151672, 0.000391441552556982, 0.000167311915186686, -3.5272681877704e-05, -0.000213171378295349, -0.000364309199328025, -0.000487708380638107, -0.00058344537249366, -0.000652543647773874, -0.000696817846006816, -0.000718688423128287, -0.00072098671646515, -0.000706768043059362, -0.000679145993348803, -0.000641155785111881, -0.000595649594124915, -0.000545222909784885, -0.00049216842904794, -0.000438452720185142, -0.000385710602922422, -0.000335252576639892, -0.000288081373697821, -0.000244914648080842, -0.000206211980215734, -0.000172205865179249, -0.000142937571394809, -0.000118297725904159, -9.80659406158066e-05, -8.19374275182296e-05, -6.95384815527581e-05, -6.05010763518228e-05, -5.46995137904355e-05, -5.17442469991015e-05